Customer ID,City,Country,Loyalty Card
17670-51384-MA,Paterson,United States,Yes
73342-18763-UW,Crumlin,Ireland,No
21125-22134-PX,San Antonio,United States,Yes
71253-00052-RN,Springfield,United States,Yes
23806-46781-OU,Cill Airne,Ireland,No
86561-91660-RB,Scranton,United States,No
65223-29612-CB,Dayton,United States,Yes
21134-81676-FR,Kill,Ireland,Yes
03396-68805-ZC,Los Angeles,United States,No
61021-27840-ZN,Los Angeles,United States,No
76239-90137-UQ,San Jose,United States,No
49315-21985-BB,San Jose,United States,Yes
34136-36674-OM,Richmond,United States,No
39396-12890-PE,Migrate,United States,No
95875-73336-RG,Saint Louis,United States,Yes
25473-43727-BY,Philadelphia,United States,No
99643-51048-IQ,Portland,United States,No
62173-15287-CU,Houston,United States,No
57611-05522-ST,Caherconlish,Ireland,Yes
76664-37050-DT,New York City,United States,Yes
84565-53984-SX,Clondalkin,Ireland,Yes
03090-88267-BQ,Grand Rapids,United States,No
37651-47492-NC,Punta Gorda,United States,Yes
95399-57205-HI,Vancouver,United States,Yes
24010-66714-HW,Englewood,United States,No
07591-92789-UA,Punta Gorda,United States,Yes
49231-44455-IC,Petaluma,United States,Yes
50124-88608-EO,Tralee,Ireland,No
00888-74814-UZ,Clonskeagh,Ireland,No
14158-30713-OB,Rathwire,Ireland,Yes
51427-89175-QJ,Aurora,United States,No
52082-49024-ON,Jamaica,United States,No
04540-43685-DV,Bailieborough,Ireland,Yes
39123-12846-YJ,Grand Forks,United States,No
44981-99666-XB,Upton,United Kingdom,Yes
24825-51803-CQ,Charleston,United States,No
77634-13918-GJ,Little Rock,United States,No
13694-25001-LX,Denver,United States,No
08523-01791-TI,Minneapolis,United States,No
49860-68865-AB,Tucson,United States,Yes
21240-83132-SP,New Orleans,United States,No
08350-81623-TF,Hartford,United States,Yes
73284-01385-SJ,Ogden,United States,Yes
04152-34436-IE,Boston,United States,No
06631-86965-XP,Rochester,United States,Yes
54619-08558-ZU,Bronx,United States,No
85589-17020-CX,Birmingham,United States,Yes
36078-91009-WU,San Bernardino,United States,Yes
15770-27099-GX,Norfolk,United States,No
91460-04823-BX,Washington,United States,No
45089-52817-WN,Fort Lauderdale,United States,No
76447-50326-IC,Crumlin,Ireland,Yes
26333-67911-OL,Kinloch,United Kingdom,No
40768-49176-BL,Provo,United States,No
22107-86640-SB,Toledo,United States,No
09960-34242-LZ,Trenton,United States,No
04671-85591-RT,Tampa,United States,Yes
25729-68859-UA,Pensacola,United States,No
05501-86351-NX,Zephyrhills,United States,Yes
04521-04300-OK,Saint Paul,United States,Yes
58689-55264-VK,Fort Wayne,United States,No
79436-73011-MM,Wootton,United Kingdom,Yes
65552-60476-KY,Naples,United States,Yes
69904-02729-YS,Chicago,United States,No
01433-04270-AX,Newark,United States,Yes
14204-14186-LA,Vienna,United States,Yes
32948-34398-HC,Fort Worth,United States,Yes
77343-52608-FF,Burbank,United States,No
42770-36274-QA,Kingsport,United States,No
14103-58987-ZU,Liverpool,United Kingdom,Yes
69958-32065-SW,Columbus,United States,No
69533-84907-FA,Newmarket on Fergus,Ireland,No
76005-95461-CI,New Orleans,United States,No
15395-90855-VB,Charlotte,United States,Yes
80640-45811-LB,Springfield,United States,Yes
28476-04082-GR,Listowel,Ireland,Yes
12018-75670-EU,Moycullen,Ireland,Yes
86437-17399-FK,Midland,United States,No
62979-53167-ML,Dallas,United States,Yes
54810-81899-HL,Dulles,United States,No
26103-41504-IB,Oakland,United States,Yes
76534-45229-SG,Colorado Springs,United States,Yes
81744-27332-RR,Adare,Ireland,Yes
91513-75657-PH,Buffalo,United States,Yes
30373-66619-CB,Fresno,United States,No
31582-23562-FM,Fort Worth,United States,No
58638-01029-CB,Oklahoma City,United States,Yes
81431-12577-VD,Beaumont,United States,No
68894-91205-MP,Reno,United States,No
87602-55754-VN,Kansas City,United States,No
39181-35745-WH,Crumlin,Ireland,Yes
30381-64762-NG,Corona,United States,No
17503-27693-ZH,Austin,United States,Yes
89442-35633-HJ,Normanton,United Kingdom,Yes
13654-85265-IL,Charlesland,Ireland,Yes
40946-22090-FP,Fresno,United States,No
29050-93691-TS,Saint Louis,United States,No
64395-74865-WF,Fresno,United States,No
81861-66046-SU,Confey,Ireland,No
13366-78506-KP,Columbus,United States,Yes
08847-29858-HN,Stockton,United States,Yes
00539-42510-RY,Edgeworthstown,Ireland,Yes
45190-08727-NV,Leixlip,Ireland,Yes
87049-37901-FU,Rochester,United States,No
34015-31593-JC,Tuscaloosa,United States,No
90305-50099-SV,Houston,United States,Yes
55871-61935-MF,El Paso,United States,No
15405-60469-TM,Colorado Springs,United States,Yes
06953-94794-FB,Fort Wayne,United States,No
22305-40299-CY,Port Washington,United States,Yes
09020-56774-GU,Springfield,United States,Yes
92926-08470-YS,Pensacola,United States,No
07250-63194-JO,Richmond,United States,No
63787-96257-TQ,Cherryville,Ireland,No
49530-25460-RW,Huntington,United States,No
66508-21373-OQ,Birmingham,United Kingdom,No
20203-03950-FY,Killorglin,Ireland,Yes
83895-90735-XH,Dayton,United States,No
61954-61462-RJ,Anchorage,United States,Yes
47939-53158-LS,Nashville,United States,No
38903-46478-ZE,Los Angeles,United States,Yes
76841-77583-BJ,Charlotte,United States,No
61513-27752-FA,Denver,United States,Yes
89714-19856-WX,Stamford,United States,No
87979-56781-YV,Newport News,United States,Yes
74126-88836-KA,Drumcondra,Ireland,Yes
37397-05992-VO,Anchorage,United States,No
54904-18397-UD,Beaumont,Ireland,No
19017-95853-EK,Fargo,United States,No
88593-59934-VU,Evansville,United States,Yes
47493-68564-YM,Cherryville,Ireland,Yes
82246-82543-DW,Charlotte,United States,Yes
03384-62101-IY,Huntsville,United States,Yes
86881-41559-OR,Santa Ana,United States,No
02536-18494-AQ,Washington,United States,Yes
29732-74147-HX,Macroom,Ireland,No
90312-11148-LA,Saint Louis,United States,No
68239-74809-TF,Bailieborough,Ireland,No
91074-60023-IP,Honolulu,United States,No
07972-83748-JI,Corona,United States,Yes
08694-57330-XR,Ballivor,Ireland,Yes
68412-11126-YJ,Washington,United States,Yes
69037-66822-DW,Portumna,Ireland,Yes
01297-94364-XH,Houston,United States,No
39919-06540-ZI,Orange,United States,Yes
60512-78550-WS,El Paso,United States,No
40172-12000-AU,Carson City,United States,No
42394-07234-AM,Fort Worth,United States,Yes
39019-13649-CL,Provo,United States,Yes
12715-05198-QU,Boca Raton,United States,Yes
04513-76520-QO,Roanoke,United States,Yes
88446-59251-SQ,Des Moines,United States,Yes
23779-10274-KN,Honolulu,United States,Yes
57235-92842-DK,Fort Lauderdale,United States,No
75977-30364-AY,Philadelphia,United States,No
12299-30914-NG,Norwalk,United States,Yes
59971-35626-YJ,Arlington,United States,Yes
15380-76513-PS,Ashford,Ireland,No
73564-98204-EY,Chattanooga,United States,Yes
72282-40594-RX,Portland,United States,No
17514-94165-RJ,Oklahoma City,United States,No
56248-75861-JX,Washington,United States,No
97855-54761-IS,Greensboro,United States,Yes
96544-91644-IT,Alexandria,United States,No
51971-70393-QM,Castlebridge,Ireland,No
06812-11924-IK,Racine,United States,Yes
59741-90220-OW,Clearwater,United States,Yes
62682-27930-PD,Racine,United States,Yes
00256-19905-YG,Castlebridge,Ireland,No
38890-22576-UI,Castlebellingham,Ireland,No
94573-61802-PH,Craigavon,United Kingdom,No
86447-02699-UT,Tampa,United States,Yes
51432-27169-KN,Eadestown,Ireland,No
43074-00987-PB,Montgomery,United States,No
04739-85772-QT,Sparks,United States,Yes
28279-78469-YW,Macon,United States,Yes
91829-99544-DS,Whittier,United States,Yes
38978-59582-JP,Johnson City,United States,Yes
86504-96610-BH,Rochester,United States,No
75986-98864-EZ,Portarlington,Ireland,No
66776-88682-RG,Brooklyn,United States,No
33284-98063-SE,Springfield,United States,No
85851-78384-DM,Charlottesville,United States,No
55232-81621-BX,Garland,United States,No
80310-92912-JA,Minneapolis,United States,No
19821-05175-WZ,Lansing,United States,Yes
01338-83217-GV,Grand Forks,United States,No
66044-25298-TA,Anchorage,United States,Yes
28728-47861-TZ,Oklahoma City,United States,Yes
32638-38620-AX,Tulsa,United States,Yes
83163-65741-IH,Detroit,United States,Yes
89422-58281-FD,Washington,United States,Yes
76293-30918-DQ,Nenagh,Ireland,Yes
86779-84838-EJ,Mesa,United States,No
66806-41795-MX,Warren,United States,No
64875-71224-UI,Memphis,United States,No
16982-35708-BZ,Washington,United States,No
62425-26461-RK,Muff,Ireland,Yes
71468-76923-BU,Pompano Beach,United States,No
23014-48364-QB,Chicago,United States,No
92588-14671-JM,East End,United Kingdom,No
66708-26678-QK,Ogden,United States,No
08743-09057-OO,Albany,United States,Yes
37490-01572-JW,Spartanburg,United States,No
01811-60350-CU,Staten Island,United States,No
24766-58139-GT,Washington,United States,Yes
90123-70970-NY,Charlotte,United States,No
93809-05424-MG,Lubbock,United States,Yes
85425-33494-HQ,Fermoy,Ireland,Yes
54387-64897-XC,Whitwell,United Kingdom,No
01035-70465-UO,Charlottesville,United States,Yes
84260-39432-ML,New York City,United States,No
69779-40609-RS,Roanoke,United States,Yes
80247-70000-HT,New York City,United States,No
35058-04550-VC,Balally,Ireland,No
27226-53717-SY,Salt Lake City,United States,No
02002-98725-CH,Toledo,United States,Yes
38487-01549-MV,Pasadena,United States,No
98573-41811-EQ,Kinsale,Ireland,Yes
72463-75685-MV,Lees Summit,United States,No
14797-35530-HY,Fort Worth,United States,No
10225-91535-AI,Irvine,United States,Yes
48090-06534-HI,Hicksville,United States,No
80444-58185-FX,Washington,United States,Yes
13561-92774-WP,New York City,United States,Yes
11550-78378-GE,Newmarket on Fergus,Ireland,No
90961-35603-RP,Shawnee Mission,United States,No
57145-03803-ZL,Edinburgh,United Kingdom,Yes
89115-11966-VF,Sacramento,United States,No
05754-41702-FG,Wilkes Barre,United States,No
84269-49816-ML,Greensboro,United States,No
23600-98432-ME,Newark,United States,Yes
79058-02767-CP,Kinloch,United Kingdom,No
89208-74646-UK,Honolulu,United States,No
11408-81032-UR,New York City,United States,No
32070-55528-UG,Ballinroad,Ireland,No
48873-84433-PN,D煤n Laoghaire,Ireland,No
32928-18158-OW,Cincinnati,United States,Yes
89711-56688-GG,Midland,United States,Yes
48389-71976-JB,Cheyenne,United States,No
84033-80762-EQ,Atlanta,United States,Yes
12743-00952-KO,Duluth,United States,No
41505-42181-EF,Sacramento,United States,Yes
14307-87663-KB,Tampa,United States,Yes
08360-19442-GB,Honolulu,United States,No
93405-51204-UW,Baton Rouge,United States,Yes
97152-03355-IW,Newbiggin,United Kingdom,No
79216-73157-TE,Kilkenny,Ireland,Yes
20259-47723-AC,Minneapolis,United States,Yes
04947-41413-JP,San Francisco,United States,No
08909-77713-CG,Charlotte,United States,Yes
84340-73931-VV,Phoenix,United States,Yes
04609-95151-XH,Jamaica,United States,No
99562-88650-YF,Champaign,United States,No
46560-73885-PJ,Swindon,United Kingdom,No
80179-44620-WN,Tucson,United States,No
04666-71569-RI,Milwaukee,United States,Yes
59081-87231-VP,Pompano Beach,United States,Yes
07878-45872-CC,Whittier,United States,No
12444-05174-OO,Sheffield,United Kingdom,No
34665-62561-AU,Saint Louis,United States,Yes
77877-11993-QH,Erie,United States,Yes
32291-18308-YZ,Tacoma,United States,No
25754-33191-ZI,Richmond,United States,No
53120-45532-KL,Kinsealy-Drinan,Ireland,Yes
36605-83052-WB,Little Rock,United States,Yes
53683-35977-KI,Newton,United Kingdom,No
07972-83134-NM,Sparks,United States,Yes
23229-79220-TE,Bryan,United States,Yes
25514-23938-IQ,Denton,United States,No
49084-44492-OJ,Tullamore,Ireland,Yes
76624-72205-CK,Raleigh,United States,Yes
12729-50170-JE,Shankill,Ireland,Yes
43974-44760-QI,New York City,United States,No
30585-48726-BK,Stamford,United States,No
16123-07017-TY,Toledo,United States,No
27723-45097-MH,Castleblayney,Ireland,Yes
37078-56703-AF,Columbia,United States,No
79420-11075-MY,Fort Wayne,United States,Yes
57504-13456-UO,Saint Louis,United States,Yes
53751-57560-CN,Portland,United States,Yes
96112-42558-EA,Boulder,United States,Yes
03157-23165-UB,Norton,United Kingdom,No
51466-52850-AG,Sheffield,United Kingdom,Yes
57145-31023-FK,Louisville,United States,No
66408-53777-VE,Buffalo,United States,No
53035-99701-WG,Canton,United States,Yes
45899-92796-EI,Boston,United States,No
17649-28133-PY,Kinlough,Ireland,Yes
49612-33852-CN,Lynchburg,United States,Yes
66976-43829-YG,Los Angeles,United States,No
64852-04619-XZ,Drumcondra,Ireland,No
58690-31815-VY,Birmingham,United States,No
62863-81239-DT,Alexandria,United States,No
21177-40725-CF,Danbury,United States,No
99421-80253-UI,Albany,United States,No
45315-50206-DK,Naples,United States,Yes
09595-95726-OV,Miami Beach,United States,Yes
60221-67036-TD,Atlanta,United States,Yes
62923-29397-KX,Corpus Christi,United States,Yes
33011-52383-BA,Honolulu,United States,Yes
86768-91598-FA,Austin,United States,Yes
37191-12203-MX,Baltimore,United States,No
16545-76328-JY,Lexington,United States,Yes
32177-42200-TP,Joliet,United States,Yes
22349-47389-GY,Eaton,United Kingdom,No
70290-38099-GB,Lincoln,United States,No
18741-72071-PP,Cincinnati,United States,Yes
62588-82624-II,Sheffield,United Kingdom,No
37430-29579-HD,West Hartford,United States,Yes
84132-22322-QT,Listowel,Ireland,No
74330-29286-RO,Charlotte,United States,Yes
37445-17791-NQ,Alexandria,United States,Yes
58511-10548-ZU,Belfast,United Kingdom,Yes
47725-34771-FJ,Las Vegas,United States,No
53086-67334-KT,Des Moines,United States,Yes
83308-82257-UN,Ballivor,Ireland,No
37274-08534-FM,Akron,United States,No
54004-04664-AA,West Palm Beach,United States,Yes
26822-19510-SD,Fresno,United States,Yes
37916-57149-GE,Iowa City,United States,Yes
06432-73165-ML,Sandyford,Ireland,Yes
96503-31833-CW,Dublin,Ireland,No
63985-64148-MG,Knoxville,United States,Yes
19597-91185-CM,Shawnee Mission,United States,No
79814-23626-JR,San Francisco,United States,Yes
43439-94003-DW,Birmingham,United States,No
97655-45555-LI,Brooklyn,United States,Yes
64418-01720-VW,El Paso,United States,Yes
96836-09258-RI,Sacramento,United States,Yes
33622-01348-PF,Washington,United States,No
69529-07533-CV,Boynton Beach,United States,Yes
94840-49457-UD,Los Angeles,United States,Yes
81414-81273-DK,Baltimore,United States,Yes
76930-61689-CH,Salt Lake City,United States,No
12839-56537-TQ,Garland,United States,Yes
62741-01322-HU,Church End,United Kingdom,No
34104-15243-UX,Columbus,United States,No
44932-34838-RM,New York City,United States,No
91181-19412-RQ,Boston,United States,Yes
37182-54930-XC,San Francisco,United States,Yes
08613-17327-XT,Indianapolis,United States,No
40507-83899-MR,Jacksonville,United States,No
70451-38048-AH,Seattle,United States,No
35442-75769-PL,Dunmanway,Ireland,Yes
83737-56117-JE,Montgomery,United States,No
07095-81281-NJ,Dallas,United States,Yes
77043-48851-HG,Topeka,United States,No
78224-60622-KH,Tyler,United States,No
83105-86631-IU,Los Angeles,United States,No
99358-65399-TC,Shreveport,United States,No
94525-76037-JP,Boise,United States,No
91336-36621-RB,San Bernardino,United States,No
82718-93677-XO,Montgomery,United States,Yes
44708-78241-DF,Fort Pierce,United States,No
23039-93032-FN,Greensboro,United States,Yes
35256-12529-FT,Sacramento,United States,Yes
86100-33488-WP,Round Rock,United States,No
64435-53100-WM,Reston,United States,No
44699-43836-UH,Charlton,United Kingdom,No
29588-35679-RG,Columbia,United States,No
09003-89770-JO,Nashville,United States,Yes
64815-54078-HH,Phoenix,United States,Yes
59572-41990-XY,Miami,United States,No
32481-61533-ZJ,Fresno,United States,Yes
31587-92570-HL,Anaheim,United States,No
93832-04799-ID,Newport News,United States,No
59367-30821-ZQ,Spartanburg,United States,Yes
83947-45528-ET,Staten Island,United States,No
60799-92593-CX,Las Vegas,United States,Yes
61600-55136-UM,Salt Lake City,United States,Yes
59771-90302-OF,Seattle,United States,Yes
16880-78077-FB,Odessa,United States,No
74415-50873-FC,Castleknock,Ireland,Yes
31798-95707-NR,Irving,United States,Yes
59122-08794-WT,Dayton,United States,Yes
37238-52421-JJ,Grand Rapids,United States,Yes
48854-01899-FN,Balally,Ireland,No
80896-38819-DW,Tullyallen,Ireland,Yes
29814-01459-RC,Sutton,United Kingdom,Yes
21815-71230-UT,Springfield,United States,No
48497-29281-FE,Los Angeles,United States,Yes
43605-12616-YH,Baltimore,United States,No
21907-75962-VB,Harrisburg,United States,Yes
69503-12127-YD,Dallas,United States,No
68810-07329-EU,Kansas City,United States,Yes
08478-75251-OG,Springfield,United States,Yes
17005-82030-EA,New Haven,United States,Yes
42179-95059-DO,Lawrenceville,United States,Yes
55989-39849-WO,Asheville,United States,Yes
28932-49296-TM,Saint Paul,United States,Yes
86144-10144-CB,Minneapolis,United States,No
60973-72562-DQ,Santa Ana,United States,No
94341-60520-PF,Hagerstown,United States,Yes
11263-86515-VU,Minneapolis,United States,No
60004-62976-NI,Washington,United States,Yes
77876-28498-HI,San Bernardino,United States,No
61302-06948-EH,Rochester,United States,Yes
06757-96251-UH,Vancouver,United States,Yes
44530-75983-OD,Preston,United Kingdom,No
44865-58249-RY,Washington,United States,No
36021-61205-DF,Knoxville,United States,Yes
75716-12782-SS,Charleston,United States,Yes
11812-00461-KH,Dallas,United States,No
46681-78850-ZW,Whitegate,Ireland,No
01932-87052-KO,Chico,United States,Yes
16046-34805-ZF,Little Rock,United States,Yes
34546-70516-LR,Balrothery,Ireland,No
73699-93557-FZ,New Brunswick,United States,Yes
86686-37462-CK,Valleymount,Ireland,Yes
14298-02150-KH,San Francisco,United States,No
48675-07824-HJ,Lafayette,United States,Yes
18551-80943-YQ,San Diego,United States,Yes
19196-09748-DB,Alhambra,United States,Yes
72233-08665-IP,Tyler,United States,Yes
53817-13148-RK,Lafayette,United States,No
92227-49331-QR,Dayton,United States,Yes
12997-41076-FQ,Phoenix,United States,Yes
44220-00348-MB,Sacramento,United States,Yes
93047-98331-DD,Lincoln,United States,Yes
83537-35563-UF,Harrisburg,United States,No
01881-40815-VO,New Orleans,United States,Yes
67285-75317-XI,Madison,United States,No
88167-57964-PH,Charleston,United States,No
16106-36039-QS,Little Rock,United States,Yes
98921-82417-GN,Anchorage,United States,No
55265-75151-AK,Longwood,Ireland,Yes
47386-50743-FG,San Francisco,United States,Yes
32622-54551-UC,Warren,United States,No
61516-88984-DK,Chesapeake,United States,No
48419-02347-XP,Jackson,United States,Yes
14121-20527-OJ,Kildare,Ireland,Yes
53486-73919-BQ,Milwaukee,United States,No
21889-94615-WT,Sacramento,United States,Yes
87726-16941-QW,Boston,United States,No
03677-09134-BC,Topeka,United States,No
93224-71517-WV,Fargo,United States,Yes
76263-95145-GJ,Houston,United States,No
48314-32864-VI,Oklahoma City,United States,No
70624-19112-AO,Caherconlish,Ireland,No
58916-61837-QH,Buffalo,United States,Yes
89292-52335-YZ,Shankill,Ireland,Yes
77284-34297-YY,Bethlehem,United States,No
50449-80974-BZ,Watergrasshill,Ireland,Yes
08120-16183-AW,Monasterevin,Ireland,No
68044-89277-ML,Sandyford,Ireland,Yes
71364-35210-HS,Birmingham,United Kingdom,Yes
37177-68797-ON,Phoenix,United States,No
60308-06944-GS,Longford,Ireland,No
49888-39458-PF,Toledo,United States,No
60748-46813-DZ,Ballylinan,Ireland,No
16385-11286-NX,Charlotte,United States,Yes
68555-89840-GZ,Seattle,United States,No
72164-90254-EJ,Wilkes Barre,United States,No
67010-92988-CT,Ballyboden,Ireland,Yes
15776-91507-GT,Bagenalstown,Ireland,Yes
23473-41001-CD,Liverpool,United Kingdom,No
23446-47798-ID,Rochester,United States,No
28327-84469-ND,Tucson,United States,No
42466-87067-DT,Minneapolis,United States,No
62246-99443-HF,Ashbourne,Ireland,Yes
99869-55718-UU,Bristol,United Kingdom,Yes
77421-46059-RY,Atlanta,United States,Yes
49894-06550-OQ,Farranacoush,Ireland,No
72028-63343-SU,East End,United Kingdom,No
10074-20104-NN,Knoxville,United States,Yes
71769-10219-IM,Saginaw,United States,Yes
22221-71106-JD,Saint Augustine,United States,No
99735-44927-OL,San Rafael,United States,Yes
27064-10803-SB,San Jose,United States,Yes
90440-62727-HI,Lawrenceville,United States,Yes
36769-16558-SX,Topeka,United States,Yes
10138-31681-SD,Shawnee Mission,United States,No
24669-76297-SF,Seattle,United States,No
78050-20355-DI,Kilkenny,Ireland,Yes
79825-17822-UH,Kissimmee,United States,No
03990-21586-MQ,Rochester,United States,Yes
27493-46921-TZ,Tyler,United States,No
27132-68907-RC,Flushing,United States,Yes
21565-13068-SH,Sterling,United States,Yes
04776-34127-MX,Richmond,United States,No
58816-74064-TF,Seaton,United Kingdom,No
09818-59895-EH,Alexandria,United States,Yes
06488-46303-IZ,Salt Lake City,United States,Yes
93046-67561-AY,San Jose,United States,No
68946-40750-LK,Tr谩 Mh贸r,Ireland,Yes
38387-64959-WW,Coolock,Ireland,Yes
48418-60841-CC,Coolock,Ireland,No
13736-92418-JS,Kinnegad,Ireland,Yes
33000-22405-LO,El Paso,United States,No
46959-60474-LT,Fort Lauderdale,United States,No
73431-39823-UP,Indianapolis,United States,No
90993-98984-JK,Milwaukee,United States,Yes
06552-04430-AG,Eaton,United Kingdom,No
54597-57004-QM,Baton Rouge,United States,No
50238-24377-ZS,Danbury,United States,Yes
60370-41934-IF,Pensacola,United States,No
06899-54551-EH,Milltown,Ireland,No
71631-11462-TH,Norton,United Kingdom,Yes
80463-43913-WZ,Balally,Ireland,Yes
67204-04870-LG,Grand Rapids,United States,No
22721-63196-UJ,Belfast,United Kingdom,No
88973-59503-DR,Kansas City,United States,No
29738-86305-ZU,Elmira,United States,No
68493-99734-LP,Milwaukee,United States,Yes
55515-37571-RS,High Point,United States,No
25598-77476-CB,El Paso,United States,Yes
14888-85625-TM,Cleveland,United States,Yes
92793-68332-NR,Ballymahon,Ireland,No
66458-91190-YC,Virginia,Ireland,Yes
64439-27325-LG,Whitegate,Ireland,Yes
78570-76770-LB,Birmingham,United States,Yes
98661-69719-VI,Saint Cloud,United States,No
82990-92703-IX,Philadelphia,United States,No
49412-86877-VY,Detroit,United States,Yes
70879-00984-FJ,Saint Louis,United States,No
53414-73391-CR,Schenectady,United States,Yes
43606-83072-OA,Lakeland,United States,No
84466-22864-CE,Melbourne,United States,No
44086-16292-EU,Houston,United States,No
76499-89100-JQ,New Orleans,United States,No
15451-65859-BG,Oklahoma City,United States,No
39582-35773-ZJ,Topeka,United States,No
66240-46962-IO,Lucan,Ireland,No
10637-45522-ID,Springfield,United States,No
92599-58687-CS,Camden,United States,Yes
06058-48844-PI,Seattle,United States,Yes
53631-24432-SY,Wootton,United Kingdom,No
18275-73980-KL,Waco,United States,No
23187-65750-HZ,Richmond,United States,No
22725-79522-GP,Toledo,United States,No
06279-72603-JE,Huntington,United States,No
83543-79246-ON,Winter Haven,United States,Yes
66794-66795-VW,Dallas,United States,No
95424-67020-AP,Adare,Ireland,Yes
73017-69644-MS,Ballivor,Ireland,No
59361-00606-CU,Columbus,United States,No
67423-10113-LM,Evansville,United States,Yes
48582-05061-RY,Naperville,United States,Yes
32031-49093-KE,Charleston,United States,No
31715-98714-OO,Lansing,United States,Yes
73759-17258-KA,Boyle,Ireland,Yes
64897-79178-MH,Shreveport,United States,No
73346-85564-JB,San Jose,United States,No
07476-13102-NJ,Philadelphia,United States,No
87223-37422-SK,Sheffield,United Kingdom,No
57837-15577-YK,Manorhamilton,Ireland,No
64247-71448-NK,Baltimore,United States,Yes
73647-66148-VM,Oklahoma City,United States,Yes
10142-55267-YO,New York City,United States,Yes
92976-19453-DT,Newark,United States,Yes
89757-51438-HX,New Haven,United States,No
76192-13390-HZ,Belfast,United Kingdom,Yes
02009-87294-SY,Toledo,United States,No
82872-34456-LJ,Newton,United Kingdom,Yes
13181-04387-LI,Bantry,Ireland,No
24845-36117-TI,Shreveport,United States,Yes
30256-29772-KK,Orlando,United States,No
86646-65810-TD,Lexington,United States,Yes
59480-02795-IU,Milwaukee,United States,Yes
61809-87758-LJ,Amarillo,United States,Yes
77408-43873-RS,Daingean,Ireland,Yes
18366-65239-WF,Halton,United Kingdom,No
11107-57605-HS,Atlanta,United States,No
72072-33025-SD,Knoxville,United States,No
58118-22461-GC,Shawnee Mission,United States,No
90940-63327-DJ,Fort Lauderdale,United States,Yes
64481-42546-II,Tralee,Ireland,No
27536-28463-NJ,Austin,United States,Yes
66005-20240-MI,Cleveland,United States,No
70140-82812-KD,Hyattsville,United States,No
91895-55605-LS,Ashley,United Kingdom,No
43155-71724-XP,Pasadena,United States,Yes
32038-81174-JF,Shreveport,United States,No
59205-20324-NB,Pensacola,United States,Yes
99899-54612-NX,Los Angeles,United States,No
26248-84194-FI,Durham,United States,No
19485-98072-PS,London,United Kingdom,No
84493-71314-WX,Loughrea,Ireland,No
09530-56210-WO,Daingean,Ireland,No
39789-43945-IV,Whittier,United States,Yes
38972-89678-ZM,Birmingham,United Kingdom,Yes
91465-84526-IJ,Richmond,United States,No
22832-98538-RB,Sterling,United States,Yes
30844-91890-ZA,Carson City,United States,No
64328-37891-JA,Ashford,Ireland,Yes
88992-49081-AT,Saint Paul,United States,No
10204-31464-SA,Huntsville,United States,Yes
75156-80911-YT,El Paso,United States,Yes
53971-49906-PZ,Decatur,United States,No
10728-17633-ST,Orange,United States,Yes
13549-65017-VE,Huntington Beach,United States,Yes
87688-42420-TO,Milwaukee,United States,No
05325-97750-WP,Upton,United Kingdom,Yes
51901-35210-UI,Chattanooga,United States,No
62483-50867-OM,Manchester,United Kingdom,No
92753-50029-SD,Columbus,United States,No
53809-98498-SN,Pasadena,United States,Yes
66308-13503-KD,San Francisco,United States,Yes
82458-87830-JE,Shreveport,United States,Yes
41611-34336-WT,Philadelphia,United States,No
70089-27418-UJ,Migrate,United States,Yes
99978-56910-BN,Toledo,United States,Yes
09668-23340-IC,Colorado Springs,United States,No
39457-62611-YK,Longwood,Ireland,No
90985-89807-RW,Pittsburgh,United States,Yes
73171-33001-FC,West Palm Beach,United States,No
17816-67941-ZS,Shreveport,United States,Yes
90816-65619-LM,Cleveland,United States,No
69761-61146-KD,Milwaukee,United States,Yes
24040-20817-QB,Fort Lauderdale,United States,No
19524-21432-XP,Shreveport,United States,No
14398-43114-RV,Beaumont,Ireland,No
41486-52502-QQ,Sacramento,United States,No
62762-19458-UY,Nashville,United States,No
20236-64364-QL,Fargo,United States,Yes
29102-40100-TZ,Middleton,United Kingdom,No
09171-42203-EB,Tulsa,United States,No
29060-75856-UI,New York City,United States,Yes
17088-16989-PL,Seminole,United States,Yes
94022-69223-DP,Monasterevin,Ireland,No
13324-78688-MI,Portland,United States,No
73799-04749-BM,Las Vegas,United States,No
01927-46702-YT,Merton,United Kingdom,No
80467-17137-TO,Ballybofey,Ireland,Yes
14640-87215-BK,San Francisco,United States,No
94447-35885-HK,Pittsburgh,United States,No
71034-49694-CS,Houston,United States,Yes
00445-42781-KX,Castlerea,Ireland,Yes
14756-18321-CL,Fort Lauderdale,United States,No
37997-75562-PI,Denton,United States,No
69981-85767-RP,Bagenalstown,Ireland,Yes
96116-24737-LV,Los Angeles,United States,No
18684-73088-YL,Wilkes Barre,United States,No
74671-55639-TU,Denton,United States,No
17488-65879-XL,Lees Summit,United States,Yes
46431-09298-OU,Little Rock,United States,Yes
60378-26473-FE,Ballisodare,Ireland,Yes
34927-68586-ZV,Daingean,Ireland,Yes
29051-27555-GD,Erie,United States,Yes
05503-73375-RU,Newton,United Kingdom,No
64918-67725-MN,Pittsburgh,United States,Yes
85634-61759-ND,Ford,United Kingdom,Yes
40180-22940-QB,Dallas,United States,Yes
34666-76738-SQ,Miami,United States,No
98536-88616-FF,San Angelo,United States,Yes
55621-06130-SA,Albany,United States,Yes
45666-86771-EH,Thorpe,United Kingdom,Yes
52143-35672-JF,Columbus,United States,No
24689-69376-XX,Carlton,United Kingdom,No
71891-51101-VQ,Corona,United States,Yes
71749-05400-CN,Washington,United States,No
64845-00270-NO,Ballinteer,Ireland,No
29851-36402-UX,Toledo,United States,No
12190-25421-WM,Washington,United States,No
52316-30571-GD,Cedar Rapids,United States,Yes
23243-92649-RY,Aurora,United States,No
39528-19971-OR,Sunnyvale,United States,Yes
10248-53779-DT,Manorhamilton,Ireland,Yes
93417-12322-YB,Cluain Meala,Ireland,Yes
56891-86662-UY,Lansing,United States,No
40414-26467-VE,Houston,United States,Yes
87858-83734-RK,Murfreesboro,United States,No
46818-20198-GB,Charleston,United States,No
29808-89098-XD,Erie,United States,No
71845-97930-ME,Jackson,United States,Yes
78786-77449-RQ,Lubbock,United States,No
27878-42224-QF,Gorey,Ireland,No
32743-78448-KT,Durham,United States,Yes
25331-13794-SB,Florence,United States,No
55864-37682-GQ,Syracuse,United States,Yes
97005-25609-CQ,Lawrenceville,United States,No
94058-95794-IJ,Houston,United States,Yes
40214-03678-GU,Kansas City,United States,Yes
04921-85445-SL,Bradenton,United States,Yes
53386-94266-LJ,Allentown,United States,Yes
49480-85909-DG,Hampton,United States,No
18293-78136-MN,Whitegate,Ireland,No
84641-67384-TD,Wichita,United States,Yes
72320-29738-EB,Thorpe,United Kingdom,No
47355-97488-XS,Danbury,United States,No
63499-24884-PP,Kinloch,United Kingdom,Yes
39193-51770-FM,Jacksonville,United States,Yes
61323-91967-GG,Houston,United States,No
90123-01967-KS,Portland,United States,No
15958-25089-OS,Pasadena,United States,Yes
98430-37820-UV,Santa Ana,United States,Yes
21798-04171-XC,San Jose,United States,No
52798-46508-HP,Tallaght,Ireland,No
46478-42970-EM,Colorado Springs,United States,No
00246-15080-LE,Toledo,United States,No
09357-10966-VA,Boynton Beach,United States,Yes
26295-44907-DK,Cincinnati,United States,No
95351-96177-QV,Saint Louis,United States,Yes
92204-96636-BS,Yonkers,United States,No
03010-30348-UA,Baltimore,United States,Yes
13441-34686-SW,Jacksonville,United States,No
96612-41722-VJ,Bayside,Ireland,No
94091-86957-HX,Beaumont,Ireland,No
25504-41681-WA,Miami,United States,Yes
75443-07820-DZ,San Francisco,United States,No
39276-95489-XV,Sandyford,Ireland,Yes
61437-83623-PZ,Punta Gorda,United States,Yes
34317-87258-HQ,Ballivor,Ireland,Yes
18570-80998-ZS,New York City,United States,Yes
66580-33745-OQ,Spartanburg,United States,No
19820-29285-FD,Bakersfield,United States,No
11349-55147-SN,Dungarvan,Ireland,No
21141-12455-VB,Saint Louis,United States,Yes
71003-85639-HB,Fort Wayne,United States,Yes
58443-95866-YO,Young America,United States,No
89646-21249-OH,Fort Smith,United States,No
64988-20636-XQ,Charlton,United Kingdom,No
34704-83143-KS,Stockton,United States,No
67388-17544-XX,Navan,Ireland,Yes
69411-48470-ID,Tampa,United States,No
20077-67239-EC,Castlebellingham,Ireland,No
97741-98924-KT,Philadelphia,United States,No
79857-78167-KO,San Angelo,United States,No
46963-10322-ZA,Los Angeles,United States,Yes
93812-74772-MV,Lansing,United States,Yes
48203-23480-UB,Clearwater,United States,Yes
60357-65386-RD,Whittier,United States,No
35099-13971-JI,Fresno,United States,No
01304-59807-OB,New York City,United States,Yes
50705-17295-NK,Colorado Springs,United States,No
77657-61366-FY,Long Beach,United States,No
57192-13428-PL,Lusk,Ireland,Yes
24891-77957-LU,Reno,United States,Yes
64896-18468-BT,Upton,United Kingdom,No
84761-40784-SV,Las Vegas,United States,No
20236-42322-CM,Wilmington,United States,Yes
49671-11547-WG,Reno,United States,No
57976-33535-WK,Tuscaloosa,United States,Yes
55915-19477-MK,Garden Grove,United States,No
28121-11641-UA,Shawnee Mission,United States,No
09540-70637-EV,Ballivor,Ireland,Yes
17775-77072-PP,Cincinnati,United States,No
90392-73338-BC,Whitwell,United Kingdom,No
94278-27169-QC,Portland,United States,Yes
10725-45724-CO,Dungarvan,Ireland,No
87242-18006-IR,Sunnyvale,United States,No
36572-91896-PP,Memphis,United States,No
25181-97933-UX,Orlando,United States,No
55374-03175-IA,Detroit,United States,Yes
76948-43532-JS,Clones,Ireland,No
24344-88599-PP,Stradbally,Ireland,No
54462-58311-YF,Ballina,Ireland,Yes
90767-92589-LV,Richmond,United States,No
27517-43747-YD,Glasnevin,Ireland,Yes
77828-66867-KH,Fort Worth,United States,Yes
41054-59693-XE,Brooklyn,United States,No
26314-66792-VP,Fort Worth,United States,Yes
69410-04668-MA,Phoenix,United States,No
91950-91273-JT,Washington,United States,No
24972-55878-KX,Dallas,United States,No
46296-42617-OQ,Asheville,United States,Yes
44494-89923-UW,Billings,United States,Yes
11621-09964-ID,Saint Louis,United States,No
76319-80715-II,Independence,United States,Yes
91654-79216-IC,Greensboro,United States,No
56450-21890-HK,Monroe,United States,Yes
40600-58915-WZ,Halton,United Kingdom,No
66527-94478-PB,Fort Worth,United States,No
77154-45038-IH,Fargo,United States,Yes
08439-55669-AI,Garland,United States,Yes
81059-24087-UE,Columbus,United States,No
46168-23489-RD,Austin,United States,No
11664-43119-GV,Montgomery,United States,Yes
91509-62250-GN,Birmingham,United Kingdom,No
83833-46106-ZC,Springfield,United States,No
19383-33606-PW,Littleton,United States,No
67052-76184-CB,Baltimore,United States,No
43452-18035-DH,Moycullen,Ireland,No
88060-50676-MV,Fort Lauderdale,United States,Yes
89574-96203-EP,San Diego,United States,Yes
12607-75113-UV,Dallas,United States,No
56991-05510-PR,Joliet,United States,No
35463-72088-KU,Grand Rapids,United States,Yes
33269-10023-CO,Clearwater,United States,Yes
31245-81098-PJ,Minneapolis,United States,No
08946-56610-IH,Lawrenceville,United States,No
20260-32948-EB,Malahide,Ireland,No
31613-41626-KX,Tampa,United States,Yes
75961-20170-RD,Nashville,United States,No
72524-06410-KD,Miami,United States,No
01841-48191-NL,Dayton,United States,Yes
98918-34330-GY,Chicago,United States,Yes
51497-50894-WU,Arklow,Ireland,Yes
98636-90072-YE,Richmond,United States,No
47011-57815-HJ,Olympia,United States,No
61253-98356-VD,Arlington,United States,Yes
96762-10814-DA,Twyford,United Kingdom,Yes
63112-10870-LC,Roanoke,United States,No
21403-49423-PD,New Hyde Park,United States,No
29581-13303-VB,Anaheim,United States,No
86110-83695-YS,Lexington,United States,No
80454-42225-FT,Tampa,United States,No
29129-60664-KO,San Jose,United States,Yes
63025-62939-AN,Washington,United States,Yes
49012-12987-QT,Daingean,Ireland,No
50924-94200-SQ,Olympia,United States,Yes
15673-18812-IU,Mesquite,United States,No
52151-75971-YY,Sacramento,United States,No
19413-02045-CG,Newton,United Kingdom,No
98185-92775-KT,Monticello,United States,No
86991-53901-AT,Kinloch,United Kingdom,Yes
78226-97287-JI,Balrothery,Ireland,No
44938-31785-YZ,Jamaica,United States,Yes
40560-18556-YE,El Paso,United States,Yes
40780-22081-LX,Largo,United States,No
01603-43789-TN,Foxrock,Ireland,Yes
45009-09239-IV,Burnside,United Kingdom,Yes
75419-92838-TI,Oklahoma City,United States,Yes
96516-97464-MF,Washington,United States,No
90285-56295-PO,Atlanta,United States,No
08100-71102-HQ,Castlebridge,Ireland,No
84074-28110-OV,Buffalo,United States,No
27930-59250-JT,Houston,United States,No
12747-63766-EU,Washington,United States,Yes
83490-88357-LJ,Austin,United States,Yes
53729-30320-XZ,Mesa,United States,No
50384-52703-LA,Savannah,United States,No
53864-36201-FG,Albuquerque,United States,Yes
70631-33225-MZ,Charlotte,United States,Yes
78661-52235-WG,San Diego,United States,Yes
08023-52962-ET,Pensacola,United States,Yes
41899-00283-VK,Washington,United States,No
39011-18412-GR,Port Saint Lucie,United States,Yes
60255-12579-PZ,Huntington,United States,No
80541-38332-BP,Philadelphia,United States,No
54798-14109-HC,Oklahoma City,United States,Yes
72778-50968-UQ,Naples,United States,No
23941-30203-MO,Fort Worth,United States,Yes
96434-50068-DZ,Omaha,United States,No
11729-74102-XB,Tucson,United States,Yes
88116-12604-TE,Sparks,United States,No
86783-78048-GC,Orlando,United States,Yes
13082-41034-PD,Washington,United States,No
18082-74419-QH,Salinas,United States,No
49401-45041-ZU,Fort Lauderdale,United States,Yes
41252-45992-VS,El Paso,United States,No
06624-75300-AR,Glendale,United States,Yes
00852-54571-WP,Alexandria,United States,Yes
13321-57602-GK,Baltimore,United States,Yes
75006-89922-VW,Evansville,United States,No
52098-80103-FD,Lawrenceville,United States,Yes
60121-12432-VU,Mobile,United States,Yes
68346-14810-UA,Midland,United States,No
48464-99723-HK,Hollywood,United States,Yes
39652-20484-RV,Topeka,United States,Yes
88420-46464-XE,Chico,United States,Yes
37762-09530-MP,Austin,United States,Yes
47268-50127-XY,El Paso,United States,No
25544-84179-QC,Charleston,United States,Yes
32058-76765-ZL,Allentown,United States,No
67938-81768-NX,London,United Kingdom,Yes
69171-65646-UC,Largo,United States,No
22503-52799-MI,Fargo,United States,No
08934-65581-ZI,Fort Smith,United States,No
15764-22559-ZT,Lakeland,United States,No
87519-68847-ZG,Knoxville,United States,Yes
78012-56878-UB,Los Angeles,United States,Yes
77192-72145-RG,Miami,United States,Yes
86071-79238-CX,Clones,Ireland,No
13764-02913-LA,Chicago,United States,Yes
11212-69985-ZJ,Greystones,Ireland,No
53893-01719-CL,Monaghan,Ireland,Yes
66028-99867-WJ,Pompano Beach,United States,Yes
62839-56723-CH,Sacramento,United States,Yes
96849-52854-CR,Clonskeagh,Ireland,Yes
19755-55847-VW,Kirkton,United Kingdom,Yes
32900-82606-BO,Asheville,United States,No
16809-16936-WF,Charleston,United States,Yes
20118-28138-QD,Houston,United States,No
84057-45461-AH,Confey,Ireland,No
66934-67426-WC,Washington,United States,Yes
90882-88130-KQ,Newark,United States,No
21617-79890-DD,Seattle,United States,Yes
20256-54689-LO,Englewood,United States,No
17572-27091-AA,Rockford,United States,No
82300-88786-UE,Billings,United States,Yes
32562-55185-DQ,Atlanta,United States,No
77175-09826-SF,Tulsa,United States,Yes
07237-32539-NB,Fresno,United States,Yes
54722-76431-EX,Mullagh,Ireland,No
67847-82662-TE,San Francisco,United States,No
51114-51191-EW,Mobile,United States,No
91809-58808-TV,San Francisco,United States,Yes
84996-26826-DK,Jamaica,United States,Yes
65732-22589-OW,Denver,United States,Yes
93676-95250-XJ,San Diego,United States,Yes
28300-14355-GF,Preston,United Kingdom,No
91190-84826-IQ,Pittsburgh,United States,Yes
34570-99384-AF,Cavan,Ireland,Yes
57808-90533-UE,New York City,United States,No
76060-30540-LB,Seattle,United States,Yes
76730-63769-ND,Birmingham,United Kingdom,No
96042-27290-EQ,Battle Creek,United States,No
06062-66586-TK,Edgeworthstown,Ireland,Yes
51940-02669-OR,Ballymun,Ireland,No
99144-98314-GN,Houston,United States,Yes
16358-63919-CE,Cincinnati,United States,No
67743-54817-UT,Fresno,United States,No
44601-51441-BH,Saint Paul,United States,No
97201-58870-WB,El Paso,United States,Yes
19849-12926-QF,Des Moines,United States,Yes
40535-56770-UM,Portland,United States,No
74940-09646-MU,Houston,United States,No
06623-54610-HC,Durham,United States,No
89490-75361-AF,Boston,United States,No
94526-79230-GZ,Washington,United States,Yes
58559-08254-UY,Albany,United States,Yes
88574-37083-WX,Tucson,United States,No
67953-79896-AC,Montgomery,United States,No
69207-93422-CQ,Fairbanks,United States,Yes
56060-17602-RG,Monasterevin,Ireland,Yes
46859-14212-FI,Norton,United Kingdom,No
11513-19816-IJ,Clearwater,United States,No
33555-01585-RP,Lexington,United States,Yes
11932-85629-CU,Grand Rapids,United States,No
36192-07175-XC,Des Moines,United States,No
46242-54946-ZW,Wilmington,United States,Yes
95152-82155-VQ,Austin,United States,No
13404-39127-WQ,Orlando,United States,No
00841-75330-ZV,Pasadena,United States,Yes
40226-52317-IO,Washington,United States,Yes
34419-18068-AG,Portland,United States,No
51738-61457-RS,New York City,United States,Yes
86757-52367-ON,Washington,United States,Yes
28158-93383-CK,Washington,United States,Yes
44799-09711-XW,Allentown,United States,Yes
53667-91553-LT,Miami,United States,No
86579-92122-OC,Oklahoma City,United States,Yes
01474-63436-TP,Rockford,United States,No
90533-82440-EE,Montgomery,United States,Yes
48553-69225-VX,Pasadena,United States,Yes
91240-83405-ZQ,Chicago,United States,No
52374-27313-IV,Houston,United States,Yes
14264-41252-SL,Muskegon,United States,No
35367-50483-AR,Washington,United States,Yes
69443-77665-QW,Sallins,Ireland,Yes
63411-51758-QC,Macon,United States,No
68605-21835-UF,Shreveport,United States,No
34786-30419-XY,Tacoma,United States,No
15456-29250-RU,El Paso,United States,No
00886-35803-FG,Birmingham,United States,No
31599-82152-AD,Portumna,Ireland,No
76209-39601-ZR,London,United Kingdom,Yes
15064-65241-HB,Castlemartyr,Ireland,No
69215-90789-DL,Wilmington,United States,Yes
04317-46176-TB,Harrisburg,United States,No
04713-57765-KR,Sallins,Ireland,Yes
47723-84396-MT,El Paso,United States,Yes
48392-32021-EC,Saint Louis,United States,Yes
65786-21069-IP,Fort Smith,United States,Yes
89074-09459-KV,Nashville,United States,No
44330-33172-IT,Washington,United States,Yes
63349-66809-NF,Inglewood,United States,Yes
40959-32642-DN,Little Rock,United States,Yes
77746-08153-PM,Hagerstown,United States,Yes
49667-96708-JL,Albany,United States,Yes
24155-79322-EQ,Crossmolina,Ireland,Yes
95342-88311-SF,Lexington,United States,Yes
69374-08133-RI,San Diego,United States,No
83844-95908-RX,Los Angeles,United States,Yes
09667-09231-YM,Brooklyn,United States,Yes
55427-08059-DF,Booterstown,Ireland,Yes
06624-54037-BQ,Gainesville,United States,No
48544-90737-AZ,Clearwater,United States,Yes
79463-01597-FQ,Amarillo,United States,No
27702-50024-XC,Fort Worth,United States,No
57360-46846-NS,Lusk,Ireland,Yes
84045-66771-SL,Pensacola,United States,No
46885-00260-TL,Tacoma,United States,Yes
96446-62142-EN,Rathnew,Ireland,Yes
07756-71018-GU,Fort Wayne,United States,Yes
92048-47813-QB,Amarillo,United States,No
58408-27638-IB,Washington,United States,Yes
28699-16256-XV,Silver Spring,United States,No
98476-63654-CG,Madison,United States,Yes
55409-07759-YG,Conroe,United States,Yes
06136-65250-PG,Denton,United States,Yes
08405-33165-BS,Columbus,United States,Yes
66070-30559-WI,Bundoran,Ireland,Yes
01282-28364-RZ,Aurora,United States,No
51277-93873-RP,Daytona Beach,United States,No
84405-83364-DG,Seaton,United Kingdom,Yes
83731-53280-YC,Wirral,United Kingdom,Yes
03917-13632-KC,Saint Louis,United States,Yes
98051-37183-SK,Oceanside,United States,No
48689-81852-DT,Chattanooga,United States,Yes
70567-65133-CN,Bagenalstown,Ireland,No
77869-81373-AY,Philadelphia,United States,No
38536-98293-JZ,Watergrasshill,Ireland,No
43014-53743-XK,Dallas,United States,No
62494-09113-RP,Fort Smith,United States,No
10940-42739-ET,Colorado Springs,United States,Yes
64965-78386-MY,Whittier,United States,No
77131-58092-GE,London,United Kingdom,Yes
